Iteracion,J
1000,32.072733877455676
2000,4.516096429262984
3000,4.478031428126646
4000,4.477000096972836
5000,4.476972154140389
6000,4.476971397058746
7000,4.476971376546415
8000,4.476971375990655
9000,4.476971375975597
10000,4.476971375975189
11000,4.476971375975179
12000,4.476971375975179
13000,4.476971375975178
14000,4.476971375975178
15000,4.476971375975178
