Tam_poblacion,coste_predecido
350,37.860396668306244
700,79.6165742149173
