Tam_poblacion,coste_predecido
35,37.860396668306244
70,79.6165742149173
