size(sqft),bedrooms,floors,age
1418.3737373737374,2.717171717171717,1.3838383838383839,38.38383838383838
