size(sqft),bedrooms,floors,age
411.6156289269652,0.6519652348729262,0.4863193178671001,25.777880687549874
