size(sqft),bedrooms,floors,age,b
110.56039755974356,-21.267150958179855,-32.707181391704225,-37.97015909100321,363.15608080808056
